,val_loss,loss
0,0.02060772871221122,0.03750922123435885
1,0.01883132405968946,0.01742557904217392
2,0.017952972184557256,0.016289087058976293
3,0.017311340194826705,0.015593155558841923
4,0.016974729168665072,0.015157292449536423
