Order,Accuracy,error, Training set
 0, 31.34, 0.0026275768732841494 , Manual
 1, 48.56, 0.007610883476243111 , Manual
 2, 53.37, 0.006333332680819799 , Manual
 4, ,  , Manual
 All, 74.73, 0.003798230449982267 , Manual
 0, 31.34, 0.0026275768732841494 , Automatic
 1, 47.27, 0.007184384264137148 , Automatic
 2, 50.86, 0.006126584662699044 , Automatic
 All, 62.23, 0.005679119520650924 , Automatic
