Order, Accuracy, error, Supervision
All,  80.94, 0.002 , w
3,  61.52, 0.02684756119609748 , w
2,  54.54, 0.006236432293185897 , w
1,  40.52, 0.038992958814377074 , w
1, 42.02, 0.01267804334765481 , w/o
2,  44.77, 0.011475156015016712 , w/o
3,  50.03, 0.014871258350644287 , w/o
All, 68.38, 0.0051060052135891995 , w/o
4,   ,   , w/o
All 1, 82.08, 0.004875781313839339 , w
All 1, 68.7, 0.0051060052135891995 , w/o
All 3, 83.18, 0.0034950613799273203 , w
All 3, 69.52, 0.005242691226757936 , w/o
