 Order, Accuracy, error, Supervision
 All, 77.39, 0.0028209808889069665 , w
 4, ,  , w
 3, 36.49, 0.0054586302041990786 , w
 2, 22.51, 0.0030143118517357652 , w
 1, 6.7, 0.004054629490299137 , w
 All, 61.5, 0.004424877714157628 , w/o
 4, ,  , w/o
 3, 31.86, 0.007523362504159779 , w/o
 2, 19.12, 0.00267701230195678 , w/o
 1, 6.58, 0.003468104457474343 , w/o